Symbol,Date,Low,High,Open,Close,Volume,VolumeScaledNormalized,CloseDiff,WeekDiff,Sector,Label
VLO,2017-11-10,80.71,81.45,80.96,81.37,2473887.0,0.6477260603384984,0.0900000000000034,0.5700000000000074,Energy,1
SYMC,2017-11-10,27.99,28.44,28.41,28.35,4592861.0,0.6749489329814715,-0.2399999999999984,-3.5699999999999967,Information Technology,0
VAR,2017-11-10,106.83,108.13,107.23,107.55,682579.0,0.5910697127532665,-0.1400000000000005,3.469999999999999,Health Care,0
ARNC,2017-11-10,24.2,24.565,24.39,24.24,2386115.0,0.6461366290832177,-0.2100000000000008,-0.6099999999999994,Industrials,0
COG,2017-11-10,28.3,29.06,28.31,28.99,6005335.0,0.6867471109442232,0.4299999999999997,0.6980000000000004,Energy,1
CSRA,2017-11-10,28.72,29.075,28.9,28.82,1226193.0,0.6168440534090545,-0.2100000000000008,-2.990000000000002,Information Technology,0
AGN,2017-11-10,170.79,173.54,172.39,172.21,3251449.0,0.6597514943861033,-0.789999999999992,-11.580000000000013,Health Care,0
CTXS,2017-11-10,83.11,84.5,83.51,84.22,1250208.0,0.6176974483052851,0.1899999999999977,1.7999999999999972,Information Technology,1
SCG,2017-11-10,43.67,44.59,44.4,43.94,2392739.0,0.646258604360716,-0.6600000000000037,1.9699999999999989,Utilities,0
MTB,2017-11-10,157.06,159.28,158.6,157.1,726990.0,0.5938431766673448,-1.510000000000019,-8.669999999999987,Financials,0
CCL,2017-11-10,63.6,66.05,65.79,64.66,4344286.0,0.6725007400796265,-1.5200000000000102,1.6100000000000136,Consumer Discretionary,0
VIAB,2017-11-10,24.68,25.44,25.06,24.89,5252675.0,0.680855140061748,0.1099999999999994,0.0,Consumer Discretionary,1
ANSS,2017-11-10,149.205,150.54,150.14,150.28,315743.0,0.5571485887113962,-0.1899999999999977,14.870000000000005,Information Technology,0
TGT,2017-11-10,59.91,61.41,59.91,61.4,6851462.0,0.6925468177316453,1.5,1.0399999999999991,Consumer Discretionary,1
GOOGL,2017-11-10,1041.22,1046.63,1043.87,1044.15,970498.0,0.6065543927848857,-3.5699999999999363,5.120000000000118,Information Technology,0
HRS,2017-11-10,136.93,138.88,136.93,138.76,591805.0,0.584790983656308,1.1999999999999886,0.4099999999999966,Information Technology,1
TSS,2017-11-10,71.67,72.49,71.93,72.33,1126521.0,0.6131137956278161,0.0999999999999943,0.0900000000000034,Information Technology,1
PYPL,2017-11-10,73.56,74.14,73.77,73.98,5713749.0,0.6845571431459088,-0.1199999999999903,1.7199999999999989,Information Technology,0
FLR,2017-11-10,46.87,47.32,47.0,47.04,895273.0,0.6030045097686636,-0.009999999999998,3.109999999999999,Industrials,0
PSA,2017-11-10,209.18,212.2,211.11,211.52,736591.0,0.5944204486769297,0.1500000000000056,4.849999999999994,Real Estate,1
MAS,2017-11-10,38.44,38.76,38.49,38.61,2038408.0,0.6392068661326631,-0.009999999999998,-0.75,Industrials,0
LLL,2017-11-10,184.02,185.48,184.41,184.22,354804.0,0.5622805096089543,-0.539999999999992,-0.7900000000000205,Industrials,0
BLL,2017-11-10,39.94,40.27,40.23,39.98,2826219.0,0.6535845205799222,-0.3400000000000034,-2.3800000000000026,Materials,0
WLTW,2017-11-10,160.39,162.03,161.43,161.57,445712.0,0.5723170397272307,0.079999999999984,0.5800000000000125,Financials,1
UAA,2017-11-10,11.91,12.54,12.0,12.52,7865130.0,0.6986177000791346,0.5099999999999998,-0.0400000000000009,Consumer Discretionary,1
CERN,2017-11-10,64.93,65.56,65.31,65.31,1327855.0,0.6203486168897355,-0.1700000000000017,-0.0099999999999909,Health Care,0
L,2017-11-10,49.22,49.57,49.35,49.51,874225.0,0.6019577285810789,0.1699999999999946,-0.1999999999999957,Financials,1
CELG,2017-11-10,101.0,102.62,102.06,102.34,6473116.0,0.6900474651088826,-0.1199999999999903,1.9299999999999928,Health Care,0
PCLN,2017-11-10,1682.69,1709.52,1700.0,1697.25,724827.0,0.5937120715866426,-5.8900000000001,-209.91999999999985,Consumer Discretionary,0
RTN,2017-11-10,183.76,185.59,184.7,184.81,778279.0,0.5968427041499724,-0.1299999999999954,4.680000000000007,Industrials,0
CSX,2017-11-10,49.7699,50.38,49.97,50.08,3462412.0,0.6625174930657741,-0.1499999999999985,0.0799999999999983,Industrials,0
CVX,2017-11-10,117.18,117.31,117.18,117.18,5156596.0,0.680042879127374,-0.059999999999988,1.3399999999999892,Energy,0
UTX,2017-11-10,118.0,118.48,118.0,118.11,3122513.0,0.6579711706127344,-0.2600000000000051,-1.75,Industrials,0
FB,2017-11-10,177.96,179.1,178.35,178.46,11060355.0,0.7136182721207242,-0.8400000000000034,-3.359999999999985,Information Technology,0
ORCL,2017-11-10,48.745,49.37,49.0,49.32,9943056.0,0.7089326759413958,0.0799999999999983,-1.3999999999999986,Information Technology,1
KSU,2017-11-10,103.84,105.24,104.87,104.8,628986.0,0.5874719325174979,-0.4500000000000028,-0.2099999999999937,Industrials,0
CA,2017-11-10,32.07,32.45,32.15,32.45,1677410.0,0.6306306195315939,0.1900000000000048,-0.6700000000000017,Information Technology,1
EVHC,2017-11-10,24.45,25.83,25.73,24.95,4382257.0,0.6728836420491984,-0.7800000000000011,-2.3000000000000007,Health Care,0
DISCK,2017-11-10,15.86,16.28,16.06,16.12,2916734.0,0.6549715838276088,0.0199999999999995,-1.9899999999999984,Consumer Discretionary,1
AES,2017-11-10,10.0,10.29,10.25,10.23,26490467.0,0.7520479897370511,-0.0700000000000002,-0.2699999999999996,Utilities,0
EQT,2017-11-10,64.43,66.03,65.82,65.18,22746698.0,0.7453440486376254,-0.7299999999999898,3.878999999999998,Energy,0
FLIR,2017-11-10,46.23,46.875,46.23,46.74,616866.0,0.5866158328525903,0.3999999999999986,-0.2099999999999937,Information Technology,1
MS,2017-11-10,48.72,49.195,49.01,48.76,5436118.0,0.6823655338749,-0.0600000000000022,-0.8100000000000023,Financials,0
MAC,2017-11-10,62.1613,64.6275,62.22,64.37,5479291.0,0.6827135902211445,1.960000000000008,8.130999999999993,Real Estate,1
HCP,2017-11-10,26.76,27.36,26.85,27.01,3328422.0,0.6607809695444713,-0.009999999999998,1.356999999999999,Real Estate,0
DISCA,2017-11-10,17.045,17.335,17.23,17.19,3376764.0,0.6614154179889964,0.0199999999999995,-1.9899999999999984,Consumer Discretionary,1
XRAY,2017-11-10,64.65,65.6,65.21,65.58,1935996.0,0.6369388302356689,0.019999999999996,4.400000000000006,Health Care,1
NBL,2017-11-10,27.545,28.46,28.34,28.11,3410276.0,0.6618499267096483,-0.3399999999999998,0.0030000000000001,Energy,0
SNA,2017-11-10,155.21,156.96,156.17,155.87,357921.0,0.562665359631995,-0.9399999999999976,-1.5500000000000114,Consumer Discretionary,0
RHT,2017-11-10,122.85,124.56,123.05,124.18,1141718.0,0.6137033859181154,0.6800000000000068,2.239999999999995,Information Technology,1
CI,2017-11-10,196.9,198.545,197.56,197.98,991083.0,0.6074778893458627,0.4599999999999795,-0.3199999999999932,Health Care,1
ETFC,2017-11-10,42.86,43.35,43.12,42.92,1599495.0,0.6285378857819921,-0.1599999999999966,-0.4600000000000008,Financials,0
CXO,2017-11-10,142.51,145.06,144.31,143.21,830751.0,0.5997134326306858,-1.2199999999999989,4.170000000000016,Energy,0
PPL,2017-11-10,36.18,36.595,36.55,36.29,3733357.0,0.6658324991866714,-0.4699999999999988,-0.1799999999999997,Utilities,0
WYN,2017-11-10,104.77,106.61,106.58,106.07,1395097.0,0.6225221375784794,-0.8700000000000045,-0.2800000000000011,Consumer Discretionary,0
ANDV,2017-11-10,106.46,107.59,107.44,107.2,1468266.0,0.6247712963815424,0.2000000000000028,-2.2099999999999937,Energy,1
ALXN,2017-11-10,114.91,116.14,115.49,115.17,1521766.0,0.6263460012329848,-1.2000000000000028,0.3100000000000023,Health Care,0
CBS,2017-11-10,56.48,58.9,58.51,56.74,17566751.0,0.7339741168815844,-1.3399999999999963,1.8900000000000008,Consumer Discretionary,0
DXC,2017-11-10,94.55,96.115,94.59,95.94,1290133.0,0.6190805798423015,1.3100000000000025,3.1299999999999955,Information Technology,1
TMK,2017-11-10,83.66,84.65,84.61,84.26,527566.0,0.5797353388328195,-0.2399999999999948,-0.2600000000000051,Financials,0
SYY,2017-11-10,53.77,54.37,53.95,54.19,1717858.0,0.6316789988372552,0.1699999999999946,-1.5399999999999991,Consumer Staples,1
SJM,2017-11-10,102.23,104.72,102.23,104.12,901106.0,0.6032902492203139,1.5200000000000102,-1.8300000000000125,Consumer Staples,1
DWDP,2017-11-10,69.74,70.49,70.23,69.97,7119041.0,0.694232470789638,-0.2600000000000051,-3.089999999999989,Materials,0
LUK,2017-11-10,25.66,26.15,26.03,25.66,903420.0,0.6034030923504896,-0.3999999999999986,0.7300000000000004,Financials,0
PCG,2017-11-10,55.5,57.02,55.58,56.95,5597348.0,0.6836515306706146,1.0,-1.2899999999999991,Utilities,1
AFL,2017-11-10,83.0,84.01,83.94,83.44,1181734.0,0.6152191014410494,-0.6400000000000006,-0.2100000000000079,Financials,0
FTV,2017-11-10,71.9,72.795,72.28,72.65,1825247.0,0.6343469859588142,0.0200000000000102,-0.2300000000000039,Industrials,1
TPR,2017-11-10,40.13,41.01,40.46,40.82,3976706.0,0.6686108748073342,0.6600000000000037,-0.5200000000000031,Consumer Discretionary,1
GGP,2017-11-10,21.88,22.28,21.94,22.2,7029028.0,0.6936725984359021,0.1999999999999993,2.5599999999999987,Real Estate,1
XEC,2017-11-10,123.94,126.13,125.37,125.05,465582.0,0.574236072530285,-0.710000000000008,4.550000000000011,Energy,0
CMA,2017-11-10,74.89,76.22,75.55,74.93,1165647.0,0.6146160240282315,-0.3499999999999943,-3.1700000000000017,Financials,0
ADS,2017-11-10,224.1,228.38,227.15,224.93,343723.0,0.5608844431134608,-2.4499999999999886,1.6999999999999886,Information Technology,0
HCN,2017-11-10,68.0,68.53,68.0,68.12,1400065.0,0.6226785423173101,-0.1599999999999966,2.1159999999999997,Real Estate,0
MYL,2017-11-10,37.53,38.19,37.93,38.16,2451879.0,0.647332886446686,0.0799999999999983,1.2299999999999969,Health Care,1
ETR,2017-11-10,85.1,86.29,85.95,85.13,1196622.0,0.615769959824127,-1.2900000000000065,1.628,Utilities,0
BHF,2017-11-10,56.08,56.72,56.16,56.58,531027.0,0.5800230445323564,0.0799999999999983,-5.549999999999997,Financials,1
STI,2017-11-10,56.76,57.39,57.02,56.79,4532255.0,0.6743644677575948,-0.009999999999998,-3.730000000000004,Financials,0
BBT,2017-11-10,46.1,46.97,46.82,46.13,7960231.0,0.6991465248478758,-0.6199999999999974,-2.4579999999999984,Financials,0
BHGE,2017-11-10,32.4,33.14,32.65,32.95,2512611.0,0.6484094497976602,0.2100000000000008,1.0730000000000004,Energy,1
ANTM,2017-11-10,214.95,218.98,216.13,218.27,1835381.0,0.6345905994479674,2.2900000000000205,6.449999999999989,Health Care,1
KORS,2017-11-10,54.39,55.01,54.57,54.71,2617821.0,0.6502142908593876,0.1799999999999997,6.050000000000004,Consumer Discretionary,1
CTL,2017-11-10,14.98,15.6,15.43,15.48,19337026.0,0.7381986479352347,0.0,-2.370000000000001,Telecommunication Services,1
NWS,2017-11-10,15.0,16.2,15.15,15.55,935985.0,0.6049611868169676,0.8000000000000007,0.6999999999999993,Consumer Discretionary,1
JEC,2017-11-10,59.73,60.3,60.04,60.03,619214.0,0.5867829905922379,-0.25,1.990000000000002,Industrials,0
LEN,2017-11-10,58.32,59.32,58.67,58.71,5244420.0,0.6807859373498373,-0.2199999999999988,1.9699999999999989,Consumer Discretionary,0
GS,2017-11-10,240.0,243.32,241.69,240.15,1844519.0,0.6348091193265205,-0.6399999999999864,-3.469999999999999,Financials,0
NKE,2017-11-10,55.62,56.49,55.88,56.09,7535726.0,0.6967352418480103,-0.0399999999999991,1.0600000000000025,Consumer Discretionary,0
APC,2017-11-10,50.35,51.47,51.22,51.11,5004569.0,0.6787261855956546,-0.2899999999999991,1.259999999999998,Energy,0
XLNX,2017-11-10,70.63,71.94,70.8,71.87,1809278.0,0.6339603450764824,1.1099999999999994,-2.280000000000001,Information Technology,1
NUE,2017-11-10,55.375,56.86,56.73,55.83,2552031.0,0.6490943883690691,-0.6900000000000048,-2.279999999999994,Materials,0
NAVI,2017-11-10,12.045,12.28,12.1,12.21,2371858.0,0.6458729458891532,0.0700000000000002,0.0400000000000009,Financials,1
TIF,2017-11-10,90.46,92.1299,91.0,91.57,1813582.0,0.6340648882868891,0.5699999999999932,-2.980000000000004,Consumer Discretionary,1
DHR,2017-11-10,91.65,92.91,92.81,92.24,2361630.0,0.6456828008109446,-0.7400000000000091,0.0700000000000073,Health Care,0
PBCT,2017-11-10,17.65,17.875,17.76,17.71,2067687.0,0.6398343600972054,-0.0500000000000007,-0.7699999999999996,Financials,0
STZ,2017-11-10,217.805,219.0,218.5,218.67,672151.0,0.5903923343157425,0.539999999999992,2.6500000000000057,Consumer Staples,1
CHK,2017-11-10,4.04,4.19,4.13,4.14,23490520.0,0.7467598095919222,0.0299999999999993,0.1500000000000003,Energy,1
CBG,2017-11-10,40.69,41.6,40.7,41.53,3092004.0,0.6575391553414168,0.7199999999999989,1.5600000000000025,Real Estate,1
PGR,2017-11-10,50.18,50.86,50.48,50.75,1292349.0,0.6191560903482661,0.1099999999999994,1.8400000000000032,Financials,1
DUK,2017-11-10,88.65,89.285,89.1,88.89,2216668.0,0.6428955870514814,-0.7399999999999949,1.769999999999996,Utilities,0
SPGI,2017-11-10,156.72,157.89,157.7,156.94,679641.0,0.5908799199536414,-0.9699999999999988,1.3499999999999943,Financials,0
LB,2017-11-10,48.12,50.19,48.21,49.66,4457756.0,0.6736352197986775,1.4099999999999966,4.640000000000001,Consumer Discretionary,1
XRX,2017-11-10,29.02,29.39,29.2,29.17,1503340.0,0.6258099939251726,-0.0999999999999978,-1.0199999999999996,Information Technology,0
INFO,2017-11-10,42.79,43.16,43.14,42.93,1643192.0,0.6297237849666028,-0.2700000000000031,0.5,Industrials,0
DPS,2017-11-10,85.5,86.54,85.72,86.32,767189.0,0.5962112329056948,0.6299999999999955,-0.2000000000000028,Consumer Staples,1
CVS,2017-11-10,69.19,71.51,69.63,70.99,10299127.0,0.710480776516125,1.9699999999999989,0.019999999999996,Consumer Staples,1
FOX,2017-11-10,27.98,29.17,28.19,28.07,4557631.0,0.6746101314181593,-0.0599999999999987,2.75,Consumer Discretionary,0
VNO,2017-11-10,74.87,76.185,74.87,75.61,763944.0,0.5960247336837013,0.3499999999999943,1.2650000000000006,Real Estate,1
AYI,2017-11-10,159.14,160.75,160.0,160.18,242317.0,0.545502833026811,0.0999999999999943,-5.639999999999986,Industrials,1
KMI,2017-11-10,17.65,17.9,17.86,17.67,9151726.0,0.7052837348665055,-0.2399999999999984,-0.2199999999999988,Energy,0
DRE,2022-12-09,48.20000076293945,48.20000076293945,48.20000076293945,48.20000076293945,0.0,0.0,0.0,0.0,Real Estate,1
NLSN,2022-12-09,0.0,0.0,0.0,0.0,0.0,0.0,0.0,0.0,Industrials,1
XL,2022-12-09,0.8878999948501587,0.9259999990463256,0.9199000000953674,0.9157999753952026,271550.0,0.5505143046795435,0.0157999992370605,-0.0600000023841859,Financials,1
IPG,2022-12-12,31.850000381469727,32.45000076293945,32.0,32.45000076293945,545210.0,0.5811827819708729,0.3800010681152344,-2.3899993896484375,Consumer Discretionary,1
HST,2022-12-12,17.690000534057617,17.96500015258789,17.700000762939453,17.954999923706055,846826.0,0.6005566828262152,0.2649993896484375,-1.0,Real Estate,1
IP,2022-12-12,35.94499969482422,36.34000015258789,36.06999969482422,36.33000183105469,402357.0,0.5678144653080446,0.25,-1.30999755859375,Materials,1
NTAP,2022-12-12,64.16000366210938,64.91000366210938,64.19999694824219,64.81999969482422,293810.0,0.5539808610972101,0.529998779296875,-3.779998779296875,Information Technology,1
OMC,2022-12-12,75.43000030517578,76.41000366210938,75.83999633789062,76.41000366210938,255617.0,0.5478538544391595,0.7600021362304688,-4.209999084472656,Consumer Discretionary,1
RF,2022-12-12,21.780000686645508,22.270000457763672,22.079999923706055,22.26499938964844,1370254.0,0.6217315676275739,0.2449989318847691,-0.9699993133544922,Financials,1
HSIC,2022-12-12,80.38999938964844,81.56500244140625,81.01000213623047,81.19000244140625,116063.0,0.5131145908740886,-0.0099945068359375,-1.75,Health Care,0
PXD,2022-12-12,213.54200744628903,218.38999938964844,214.88999938964844,216.7599945068359,872780.0,0.6018849424796786,2.759994506835909,-25.07000732421875,Energy,1
NEE,2022-12-12,84.80000305175781,85.83000183105469,85.12000274658203,85.80000305175781,1043942.0,0.6097641283130754,1.2900009155273438,-0.3199996948242187,Utilities,1
NOC,2022-12-12,525.9199829101562,533.0449829101562,530.5,528.1798706054688,143471.0,0.5224423472346217,-0.7601318359375,-1.3599853515625,Industrials,0
NVDA,2022-12-12,167.97000122070312,172.63999938964844,170.3699951171875,171.28500366210938,17144332.0,0.7329031603274592,1.2750091552734375,-1.3400115966796875,Information Technology,1
IFF,2022-12-12,106.0999984741211,108.0,107.81999969482422,107.06500244140624,265580.0,0.5495361977267037,-0.1949996948242471,0.5200042724609659,Materials,0
REG,2022-12-12,64.97000122070312,65.81999969482422,65.81999969482422,65.33999633789062,85814.0,0.499829111111812,-0.3900070190429687,0.0600051879882812,Real Estate,0
NWSA,2022-12-12,17.844999313354492,18.05500030517578,18.010000228881836,18.030000686645508,567492.0,0.5829451951801033,-0.019998550415039,-1.1100006103515625,Consumer Discretionary,0
RE,2022-12-12,328.32000732421875,332.1600036621094,332.3999938964844,328.6099853515625,59474.0,0.4836973288087328,-3.95001220703125,2.220001220703125,Financials,0
IDXX,2022-12-12,418.6499938964844,423.4150085449219,422.3500061035156,421.30999755859375,52168.0,0.4779304538717372,0.67999267578125,-18.540008544921875,Health Care,1
O,2022-12-12,64.0999984741211,64.8949966430664,64.55999755859375,64.44499969482422,932028.0,0.6047747801257091,-0.0049972534179687,1.639995574951172,Real Estate,0
NWL,2022-12-12,13.210000038146973,13.529999732971191,13.369999885559082,13.380000114440918,1133958.0,0.6134033123442669,-0.0599994659423828,0.5999994277954102,Consumer Discretionary,0
ILMN,2022-12-12,200.86099243164065,206.7449951171875,200.88999938964844,206.7100067138672,318387.0,0.5575154986326499,1.0900115966796875,-15.240005493164062,Health Care,1
ICE,2022-12-12,102.68000030517578,103.86000061035156,102.8499984741211,103.84500122070312,382782.0,0.5656200476939649,0.5149993896484517,-6.199996948242202,Financials,1
INCY,2022-12-12,81.6500015258789,82.52999877929688,82.45999908447266,82.41999816894531,211117.0,0.5394382554208407,0.0800018310546875,1.6599960327148438,Health Care,1
NI,2022-12-12,27.350000381469727,27.65999984741211,27.56999969482422,27.584999084472656,707269.0,0.5926331267886314,0.1949996948242152,-0.3600006103515589,Utilities,1
RCL,2022-12-12,54.810001373291016,57.02000045776367,56.0,56.970001220703125,774065.0,0.5966038228090306,0.7600021362304688,-4.700000762939453,Consumer Discretionary,1
NOV,2022-12-12,19.174999237060547,19.864999771118164,19.399999618530273,19.825000762939453,533838.0,0.5802553404849717,0.5650005340576172,-2.989999771118164,Energy,1
REGN,2022-12-12,728.0,742.469970703125,730.1699829101562,738.8800048828125,318007.0,0.5574629536365536,-11.17999267578125,-11.17999267578125,Health Care,0
IBM,2022-12-12,146.94259643554688,148.27999877929688,147.82000732421875,147.58999633789062,1049947.0,0.6100164968961185,0.5399932861328125,-2.1100006103515625,Information Technology,1
OKE,2022-12-12,63.810001373291016,64.8949966430664,63.91999816894531,64.77999877929688,438688.0,0.5716181332336182,1.229999542236328,-3.6499977111816406,Energy,1
INTC,2022-12-12,27.858800888061523,28.219999313354492,28.1299991607666,28.11549949645996,8355911.0,0.7012809792665524,-0.1245002746582031,-1.5900001525878906,Information Technology,0
HUM,2022-12-12,526.22998046875,536.969970703125,534.6799926757812,530.5700073242188,375704.0,0.5647988464322272,-2.8499755859375,-14.95001220703125,Health Care,0
NRG,2022-12-12,31.68000030517578,32.529998779296875,32.400001525878906,32.060001373291016,1137296.0,0.6135326412832343,-0.2199974060058593,-9.85000228881836,Utilities,0
NFX,2022-12-12,0.0,0.0,0.0,0.0,0.0,0.0,0.0,0.0,Energy,1
QCOM,2022-12-12,116.09010314941406,119.63500213623048,116.05999755859376,119.37999725341795,3123223.0,0.6579811740613466,0.3299942016601562,-7.759994506835966,Information Technology,1
NFLX,2022-12-12,310.2699890136719,323.17999267578125,320.0,311.8500061035156,3943422.0,0.6682410628774967,-8.160003662109375,3.05999755859375,Information Technology,0
HSY,2022-12-12,235.8350067138672,237.5800018310547,237.2400054931641,236.4499053955078,118934.0,0.5141897282106699,-0.3200988769531534,4.889999389648466,Consumer Staples,0
NSC,2022-12-12,244.02000427246097,248.80999755859375,245.16000366210935,248.52999877929688,357870.0,0.5626590897713675,4.4799957275390625,-12.309982299804688,Industrials,1
INTU,2022-12-12,398.3299865722656,406.8299865722656,400.7300109863281,406.8299865722656,284452.0,0.5525566644523884,7.0,-16.240020751953068,Information Technology,1
NEM,2022-12-12,45.34000015258789,46.470001220703125,46.220001220703125,45.80500030517578,1540266.0,0.6268776712399994,-0.595001220703125,-2.1699981689453125,Materials,0
QRVO,2022-12-12,96.94000244140624,97.95500183105467,97.5999984741211,97.9250030517578,86995.0,0.5004305069698987,0.3250045776367045,0.3499984741210937,Information Technology,1
PG,2022-12-12,151.0500030517578,151.77999877929688,151.22000122070312,151.6824951171875,1297914.0,0.619345149104592,0.7624969482421875,1.6699981689453125,Consumer Staples,1
NDAQ,2022-12-12,63.000999450683594,64.0,63.08000183105469,63.9900016784668,511049.0,0.5783357917466876,0.7900009155273438,-5.289997100830078,Financials,1
LKQ,2022-12-12,52.97999954223633,53.654998779296875,53.2599983215332,53.650001525878906,141877.0,0.5219507718646649,0.4200019836425781,-1.8500022888183592,Consumer Discretionary,1
LH,2022-12-12,225.6199951171875,231.0,231.32000732421875,228.30499267578125,279652.0,0.5518078638978903,-5.2550048828125,-8.210006713867216,Health Care,0
MDLZ,2022-12-12,66.9000015258789,67.33999633789062,67.33999633789062,67.0999984741211,921891.0,0.6042936110499096,0.0400009155273437,-1.029998779296875,Consumer Staples,1
PKI,2022-12-12,141.30999755859375,143.14999389648438,141.33999633789062,142.21499633789062,236351.0,0.544405989474828,3.06500244140625,-2.600006103515625,Health Care,1
MDT,2022-12-12,78.7699966430664,79.68000030517578,79.0999984741211,79.12999725341797,1787646.0,0.6334311137243098,0.5400009155273438,-0.660003662109375,Health Care,1
PLD,2022-12-12,115.3550033569336,117.4000015258789,116.4000015258789,116.58000183105467,417810.0,0.5694726618680777,0.2600021362304545,-0.779998779296875,Real Estate,1
MET,2022-12-12,71.56999969482422,72.43000030517578,72.26000213623047,72.16000366210938,775510.0,0.5966858825172663,-0.029998779296875,-4.459999084472656,Financials,0
LEG,2022-12-12,32.5,33.92499923706055,33.68000030517578,33.4900016784668,621017.0,0.5869109192687729,-1.7199974060058594,-0.5300025939941406,Consumer Discretionary,0
PEP,2022-12-12,182.35499572753903,184.17999267578125,184.17999267578125,182.7599945068359,709346.0,0.5927621475248289,-0.3400115966796875,-2.799987792968807,Consumer Staples,0
MGM,2022-12-12,35.72999954223633,36.529998779296875,36.220001220703125,36.51499938964844,527797.0,0.5797546000823145,0.1650009155273437,-0.920001983642578,Consumer Discretionary,1
PEG,2022-12-12,59.71500015258789,60.17499923706055,60.119998931884766,60.02000045776367,590925.0,0.5847255092510455,0.25,-0.6300010681152344,Utilities,1
KSS,2022-12-12,26.16390037536621,26.700000762939453,26.469999313354492,26.690000534057617,579010.0,0.5838292745741784,0.2600002288818359,-5.369998931884766,Consumer Discretionary,1
PNC,2022-12-12,152.13499450683594,154.7949981689453,154.58999633789062,154.7899932861328,598879.0,0.5853137986994406,0.709991455078125,-10.720001220703123,Financials,1
MHK,2022-12-12,99.34049987792967,102.01000213623048,99.91999816894533,101.5,229358.0,0.5430845270061285,2.0500030517577983,-3.4500045776367045,Consumer Discretionary,1
KR,2022-12-12,46.040000915527344,46.68000030517578,46.540000915527344,46.220001220703125,1135528.0,0.6134641884675813,-0.25,-1.9399986267089844,Consumer Staples,0
MKC,2022-12-12,85.23999786376953,85.68000030517578,85.69000244140625,85.51499938964844,139853.0,0.5213185682731137,0.2350006103515625,-0.4500045776367187,Consumer Staples,1
KO,2022-12-12,63.0099983215332,63.40999984741211,63.29999923706055,63.275001525878906,2866553.0,0.6542080109863174,0.1350021362304687,-0.6500015258789062,Consumer Staples,1
KMX,2022-12-12,65.0,66.11000061035156,65.66999816894531,65.83999633789062,394894.0,0.5669906969193317,0.1399993896484375,-3.4000015258789062,Consumer Discretionary,1
PM,2022-12-12,101.62999725341795,102.36199951171876,102.1999969482422,101.9499969482422,723173.0,0.59361155408411,-0.1399993896484233,-0.3700027465820312,Consumer Staples,0
LLY,2022-12-12,362.5,367.1700134277344,362.9299926757813,365.9200134277344,675973.0,0.5906418147657911,4.930023193359375,-9.339996337890623,Health Care,1
MCO,2022-12-12,287.44500732421875,289.8399963378906,288.739990234375,289.04998779296875,124879.0,0.5163358417099905,1.079986572265625,-18.1099853515625,Financials,1
PKG,2022-12-12,134.25999450683594,135.48500061035156,135.5,134.90499877929688,122272.0,0.5154075886070512,-0.2050018310546875,-1.0500030517578125,Materials,0
MA,2022-12-12,349.69000244140625,355.8550109863281,350.30999755859375,355.8550109863281,598528.0,0.5852880034478553,7.0250244140625,-11.970001220703068,Information Technology,1
M,2022-12-12,21.63999938964844,22.1200008392334,22.010000228881836,21.834999084472656,1649479.0,0.6298918086661673,-0.2350006103515625,-1.1100006103515625,Consumer Discretionary,0
MAA,2022-12-12,159.5800018310547,162.0,161.63999938964844,160.85499572753906,80022.0,0.4967544565023543,-0.785003662109375,-2.5800018310546875,Real Estate,0
LYB,2022-12-12,80.70999908447266,81.75,81.43000030517578,81.62999725341797,232814.0,0.5437425657665781,0.1699981689453125,-3.1800003051757812,Materials,1
MAR,2022-12-12,159.4600067138672,162.0850067138672,161.00999450683594,162.0850067138672,372084.0,0.5643728485235332,0.9250030517578124,-4.029998779296875,Consumer Discretionary,1
LUV,2022-12-12,37.76499938964844,38.5,37.91999816894531,38.494998931884766,740118.0,0.5946306260369519,0.4850006103515625,-2.0700035095214844,Industrials,1
MAT,2022-12-12,16.94499969482422,17.1299991607666,17.1299991607666,17.014999389648438,908031.0,0.6036270903537758,-0.125,-1.3100013732910156,Consumer Discretionary,0
LRCX,2022-12-12,449.0849914550781,461.6099853515625,460.0299987792969,456.3800048828125,375569.0,0.5647830335879839,6.179992675781193,-12.940002441406191,Information Technology,1
PFG,2022-12-12,87.30000305175781,88.79000091552734,88.47000122070312,88.63999938964844,353452.0,0.5621125283284374,0.5699996948242188,-2.849998474121108,Financials,1
PH,2022-12-12,288.4200134277344,291.49639892578125,290.2300109863281,290.80999755859375,113705.0,0.5122114803969259,1.3699951171875,-8.079986572265625,Industrials,1
LOW,2022-12-12,201.0399932861328,202.58999633789065,202.2899932861328,202.3800048828125,554719.0,0.5819435554807556,0.6100006103515341,-13.709991455078068,Consumer Discretionary,1
MCD,2022-12-12,271.2799987792969,274.5249938964844,272.19000244140625,274.4200134277344,603551.0,0.5856557148782507,2.3800048828125,-1.3599853515625,Consumer Discretionary,1
PFE,2022-12-12,51.75,52.279998779296875,52.119998931884766,52.220001220703125,4307284.0,0.6721243761645298,0.5,0.6399993896484375,Health Care,1
LNT,2022-12-12,55.33000183105469,55.79999923706055,55.599998474121094,55.79499816894531,258775.0,0.5483941070134104,0.4849967956542969,-0.2199974060058593,Utilities,1
PHM,2022-12-12,43.79999923706055,44.275001525878906,44.060001373291016,44.220001220703125,337675.0,0.5601033618583401,0.3000030517578125,-1.2300033569335938,Consumer Discretionary,1
MCHP,2022-12-12,75.37000274658203,76.56999969482422,75.52999877929688,76.44999694824219,535628.0,0.5804026262582686,0.5699996948242188,-2.44000244140625,Information Technology,1
LNC,2022-12-12,30.82979965209961,31.510000228881836,31.420000076293945,31.25,739995.0,0.5946233132181987,-0.4099998474121094,-7.069999694824219,Financials,0
LMT,2022-12-12,482.5,486.9100036621094,484.9500122070313,484.510009765625,266114.0,0.5496245775577734,0.930023193359375,-0.110015869140625,Industrials,1
MCK,2022-12-12,369.2699890136719,374.7000122070313,372.0,373.9599914550781,198023.0,0.5366210289009954,2.54998779296875,-8.30999755859375,Health Care,1
MLM,2022-12-12,351.739990234375,356.0,357.5899963378906,353.1300048828125,50522.0,0.4765198483743834,-3.80999755859375,-8.44000244140625,Materials,0
PX,2022-12-12,10.359999656677246,10.614999771118164,10.359999656677246,10.609999656677246,23713.0,0.443240448411217,0.3399991989135742,-0.1899995803833007,Materials,1
PDCO,2022-12-12,28.579999923706055,29.065000534057617,29.0,28.739999771118164,92861.0,0.5033015619901166,-0.2000007629394531,0.210000991821289,Health Care,0
KMB,2022-12-12,134.71499633789062,136.97000122070312,136.52000427246094,135.6999969482422,384689.0,0.565838704821337,-0.5,-0.4000091552734375,Consumer Staples,0
PRU,2022-12-12,99.3000030517578,101.37000274658205,100.98999786376952,99.93000030517578,582622.0,0.5841028990757584,-1.4400024414062642,-6.360000610351548,Financials,0
JBHT,2022-12-12,178.64999389648438,183.0,178.83999633789062,181.67999267578125,293390.0,0.5539179196107117,3.699996948242187,-4.8300018310546875,Industrials,1
MSFT,2022-12-12,247.17999267578125,252.1515960693359,247.44500732421875,250.75,9811163.0,0.7083451278102323,5.3300018310546875,-9.270004272460938,Information Technology,1
PSX,2022-12-12,98.0500030517578,99.7750015258789,98.66999816894533,99.44000244140624,751525.0,0.5953035865593675,1.4400024414062358,-10.040000915527344,Energy,1
IVZ,2022-12-12,18.219999313354492,18.559999465942383,18.38999938964844,18.55500030517578,651771.0,0.5890376110502126,0.2049999237060547,-1.079999923706055,Financials,1
MSI,2022-12-12,265.3399963378906,267.7799987792969,267.260009765625,267.07501220703125,68258.0,0.4897583663698543,1.5050048828125,-6.209991455078125,Information Technology,1
ITW,2022-12-12,219.16000366210935,221.19000244140625,220.6199951171875,221.1499938964844,196893.0,0.5363692334632298,1.3899993896484943,-7.669998168945341,Industrials,1
OXY,2022-12-12,62.599998474121094,64.63960266113281,62.900001525878906,64.28500366210938,5110999.0,0.6796520873047852,1.6850051879882812,-6.200004577636719,Energy,1
PAYX,2022-12-12,119.51000213623048,120.87999725341795,120.0,120.74500274658205,236560.0,0.5444448796786207,1.2350006103515625,-6.389999389648423,Information Technology,1
IT,2022-12-12,343.7799987792969,346.572998046875,344.8500061035156,346.114990234375,49032.0,0.4752027251238086,2.81500244140625,-12.970001220703123,Information Technology,1
PVH,2022-12-12,72.58999633789062,73.56999969482422,73.2699966430664,73.5,219814.0,0.541214463529093,0.089996337890625,-0.1099929809570312,Consumer Discretionary,1
MU,2022-12-12,53.334999084472656,54.349998474121094,53.52000045776367,54.05500030517578,4175814.0,0.6707604778039858,-0.8149986267089844,-0.6200027465820312,Information Technology,0
ISRG,2022-12-12,270.0400085449219,272.6499938964844,272.2200012207031,271.82000732421875,322128.0,0.5580294678900495,1.220001220703125,-3.889984130859375,Health Care,1
ORLY,2022-12-12,824.5599975585938,834.6900024414062,831.0700073242188,825.489990234375,78047.0,0.4956549123908697,-2.30999755859375,-29.3800048828125,Consumer Discretionary,0
PWR,2022-12-12,148.3800048828125,149.50999450683594,148.66000366210938,149.30599975585938,114824.0,0.5126423675983796,1.1660003662109375,-3.589996337890625,Industrials,1
IRM,2022-12-12,54.067501068115234,54.65999984741211,54.709999084472656,54.380001068115234,225592.0,0.5423560768946051,-0.029998779296875,-0.3699989318847656,Real Estate,0
NCLH,2022-12-12,14.84000015258789,15.640000343322754,15.25,15.609999656677246,3366034.0,0.6612753835139855,0.2599992752075177,-1.27000045776367,Consumer Discretionary,1
IR,2022-12-12,53.099998474121094,53.54499816894531,53.599998474121094,53.40999984741211,359287.0,0.5628329619594815,0.1599998474121093,-1.0400009155273438,Industrials,1
MTD,2022-12-12,1457.9599609375,1484.4449462890625,1460.0,1483.5550537109375,18472.0,0.4322514016503833,27.9949951171875,-34.7698974609375,Health Care,1
MRO,2022-12-12,26.229999542236328,27.06999969482422,26.329999923706055,26.899999618530273,3544683.0,0.6635507391338783,0.7299995422363281,-3.9200000762939458,Energy,1
JCI,2022-12-12,64.52999877929688,65.375,64.88999938964844,64.98500061035156,750293.0,0.5952313980492183,-0.7849960327148438,-1.1300048828125,Industrials,0
PRGO,2022-12-12,31.549999237060547,31.950000762939453,31.65999984741211,31.69499969482422,477457.0,0.5753442291800619,0.1450004577636718,-0.5900001525878906,Health Care,1
KLAC,2022-12-12,383.989990234375,392.8699951171875,385.3999938964844,389.2300109863281,413850.0,0.5690536495727118,-4.17999267578125,2.67999267578125,Information Technology,0
MMC,2022-12-12,170.85000610351562,171.75599670410156,171.7100067138672,171.2899932861328,232205.0,0.5436273212866649,0.2299957275390625,-1.970001220703125,Financials,1
KIM,2022-12-12,21.524999618530273,21.770000457763672,21.729999542236328,21.69499969482422,588410.0,0.5845378474496884,-0.0149993896484375,-0.9400005340576172,Real Estate,0
MMM,2022-12-12,124.26000213623048,126.4499969482422,126.08000183105467,124.66500091552734,993826.0,0.6075994968017131,-1.0950012207031392,-0.229995727539034,Industrials,0
PNW,2022-12-12,77.44000244140625,78.17900085449219,78.02999877929688,77.91000366210938,103894.0,0.5082411916724532,0.410003662109375,-0.3000030517578125,Utilities,1
MNST,2022-12-12,99.77999877929688,100.7300033569336,100.41000366210938,100.4800033569336,320260.0,0.5577735772023621,0.44000244140625,-3.209999084472656,Consumer Staples,1
KHC,2022-12-12,39.83000183105469,40.1349983215332,40.02000045776367,40.125,873078.0,0.6018999628973984,0.1850013732910156,0.4499969482421875,Consumer Staples,1
KEY,2022-12-12,17.190000534057617,17.385000228881836,17.3799991607666,17.364999771118164,1577685.0,0.6279338042605264,-0.0550003051757812,-1.2999992370605469,Financials,0
MO,2022-12-12,46.31999969482422,46.875,46.84000015258789,46.58000183105469,1131155.0,0.6132944172737365,-0.1299972534179687,-0.2999992370605469,Consumer Staples,0
K,2022-12-12,72.5999984741211,73.19000244140625,73.05999755859375,73.18000030517578,364960.0,0.5635222629756971,0.8400039672851562,-0.8600006103515625,Consumer Staples,1
MON,2022-12-12,10.039999961853027,10.0600004196167,10.039999961853027,10.039999961853027,201.0,0.2335597371485404,0.0,0.0100002288818359,Materials,1
JWN,2022-12-12,17.34000015258789,17.65999984741211,17.5,17.610000610351562,927908.0,0.6045798519510421,0.1900005340576172,-2.5799999237060547,Consumer Discretionary,1
PCAR,2022-12-12,100.8550033569336,101.75,101.75499725341795,101.38999938964844,329370.0,0.5590076892600884,0.1299972534179545,-4.689994812011719,Industrials,1
PPG,2022-12-12,130.04010009765625,131.0500030517578,130.57000732421875,130.8800048828125,188381.0,0.5344247444567687,0.470001220703125,-4.5500030517578125,Materials,1
MOS,2022-12-12,46.349998474121094,47.22999954223633,46.56999969482422,47.06999969482422,895387.0,0.6030101120690542,0.2599983215332031,-2.289997100830078,Materials,1
JPM,2022-12-12,131.60000610351562,133.5,132.39999389648438,133.4199981689453,1547187.0,0.6270749335422214,1.2599945068359375,-4.0800018310546875,Financials,1
JNPR,2022-12-12,32.279998779296875,32.470001220703125,32.369998931884766,32.452999114990234,382677.0,0.5656079767456462,0.072998046875,-0.5399971008300781,Information Technology,1
MPC,2022-12-12,106.62000274658205,108.91000366210938,107.3000030517578,108.68000030517578,1325170.0,0.6202595578669172,1.849998474121108,-13.40000152587892,Energy,1
MRK,2022-12-12,107.31999969482422,109.04000091552734,107.93000030517578,108.95500183105467,2292113.0,0.6443681939263811,0.1750030517577983,-1.0200042724609233,Health Care,1
PNR,2022-12-12,45.09000015258789,45.375,45.15999984741211,45.209999084472656,196563.0,0.5362954276076941,0.1399993896484375,-1.5699996948242188,Industrials,1
JNJ,2022-12-12,175.60000610351562,176.55999755859375,175.9499969482422,176.2899932861328,981010.0,0.6070284097973532,0.54998779296875,-3.0,Health Care,1
FBHS,2022-12-12,59.970001220703125,60.89899826049805,60.54999923706055,60.83000183105469,305946.0,0.5557617382386975,0.5,-5.2299957275390625,Industrials,1
RHI,2022-12-12,72.7218017578125,74.1500015258789,73.06999969482422,74.1449966430664,109154.0,0.5104142312054704,1.1349945068359375,-5.470001220703125,Industrials,1
CBOE,2022-12-12,123.37000274658205,125.26499938964844,124.6500015258789,124.58000183105467,128443.0,0.5175739686462535,0.1900024414062358,-2.4300003051757812,Financials,1
USB,2022-12-12,42.61000061035156,43.25,43.20000076293945,43.11000061035156,2402665.0,0.6464407524693045,0.0,-2.2399978637695312,Financials,1
CB,2022-12-12,215.6699981689453,217.63999938964844,217.1999969482422,216.2250061035156,193266.0,0.5355511617656061,-1.104995727539091,-0.9900054931640624,Financials,0
CAT,2022-12-12,227.02000427246097,229.56500244140625,227.5500030517578,228.98779296875,476397.0,0.5752464382930718,1.6977996826171875,-8.400009155273438,Industrials,1
CAH,2022-12-12,77.29000091552734,78.7699966430664,77.9000015258789,78.4000015258789,515946.0,0.5787553955129533,0.8499984741210938,-1.7099990844726562,Health Care,1
CAG,2022-12-12,37.880001068115234,38.22999954223633,38.150001525878906,38.20500183105469,499318.0,0.5773140298677505,0.1850013732910156,0.1899986267089843,Consumer Staples,1
V,2022-12-12,209.55999755859375,213.4425048828125,210.0,213.3699951171875,1496327.0,0.6256042597440106,4.6699981689453125,-8.300003051757812,Information Technology,1
C,2022-12-12,44.35499954223633,45.029998779296875,44.650001525878906,45.0099983215332,3734396.0,0.6658447425474231,0.1499977111816406,-2.9199981689453125,Financials,1
BXP,2022-12-12,65.5999984741211,67.19499969482422,66.9800033569336,66.33499908447266,257537.0,0.5481831068785373,-0.2750015258789062,-5.040000915527344,Real Estate,0
BWA,2022-12-12,40.130001068115234,40.78499984741211,40.369998931884766,40.78499984741211,193008.0,0.5354923861478845,0.3149986267089844,-2.1899986267089844,Consumer Discretionary,1
VFC,2022-12-12,27.804100036621097,28.31999969482422,28.280000686645508,28.040000915527344,1975649.0,0.6378309156289923,-0.1599998474121093,-5.279998779296875,Consumer Discretionary,0
BSX,2022-12-12,46.18000030517578,46.8650016784668,46.29999923706055,46.779998779296875,1372030.0,0.621788558516736,0.5499992370605469,0.1100006103515625,Health Care,1
BMY,2022-12-12,78.30000305175781,79.13999938964844,78.94000244140625,78.63500213623047,1607334.0,0.6287529957885037,-0.1949996948242187,-2.0499954223632812,Health Care,0
CCI,2022-12-12,139.13499450683594,140.8699951171875,140.52000427246094,139.9980010986328,452026.0,0.5729359622963863,0.1779937744140625,-1.8899993896484375,Real Estate,1
BLK,2022-12-12,702.0250244140625,706.9450073242188,705.6699829101562,704.7550048828125,132690.0,0.519005268507739,-2.19500732421875,-15.22998046875,Financials,0
BK,2022-12-12,44.52000045776367,44.8650016784668,44.709999084472656,44.790000915527344,974974.0,0.6067568534084823,0.0800018310546875,-1.0499992370605469,Financials,1
VRSK,2022-12-12,181.5749969482422,183.59500122070312,183.57000732421875,181.77999877929688,89568.0,0.5017129588232416,-0.7299957275390341,-3.630004882812528,Industrials,0
BIIB,2022-12-12,282.57000732421875,286.45001220703125,285.0,286.1300048828125,213106.0,0.5398508436790191,0.760009765625,-16.480010986328125,Health Care,1
VRSN,2022-12-12,195.30999755859375,197.4149932861328,197.1000061035156,196.17999267578125,198658.0,0.5367618947328922,-1.4900054931640625,-6.9000091552734375,Information Technology,0
BEN,2022-12-12,26.3700008392334,26.799999237060547,26.600000381469727,26.71500015258789,542510.0,0.5809643471349396,0.125,-0.6900005340576172,Financials,1
BDX,2022-12-12,248.4499969482422,250.3999938964844,249.1499938964844,250.17999267578125,178269.0,0.5319971937699423,2.5799865722656534,-3.229995727539091,Health Care,1
VRTX,2022-12-12,311.1700134277344,315.4100036621094,315.2200012207031,313.1449890136719,296107.0,0.5543235073313949,0.92498779296875,-8.540008544921875,Health Care,1
BBY,2022-12-12,80.66999816894531,81.87750244140625,81.16999816894531,81.8311996459961,654122.0,0.5891960346934337,0.0212020874023437,-4.660003662109375,Consumer Discretionary,1
VTR,2022-12-12,45.0099983215332,45.689998626708984,45.47999954223633,45.439998626708984,492978.0,0.5767517814930374,0.0099983215332031,-0.9399986267089844,Real Estate,1
BAX,2022-12-12,51.77000045776367,52.68000030517578,52.220001220703125,52.45000076293945,1034852.0,0.6093793328561503,0.0699996948242187,0.0,Health Care,1
BAC,2022-12-12,32.060001373291016,32.58000183105469,32.310001373291016,32.55500030517578,8120174.0,0.7000218263638179,0.1749992370605468,-4.1699981689453125,Financials,1
BA,2022-12-12,180.5099945068359,186.47000122070312,180.8000030517578,186.41000366210935,3362092.0,0.6612238253336002,6.870010375976534,3.7599945068359375,Industrials,1
VZ,2022-12-12,37.279998779296875,37.72999954223633,37.689998626708984,37.6150016784668,4698435.0,0.67594887411961,0.2150001525878906,-0.9300003051757812,Telecommunication Services,1
VMC,2022-12-12,180.86000061035156,183.41000366210935,182.77999877929688,181.27000427246097,94740.0,0.5041829693675073,-1.1799926757812216,-1.3800048828125,Materials,0
URI,2022-12-12,351.0000915527344,358.5400085449219,354.04998779296875,356.3399963378906,84874.0,0.4993444933552493,3.709991455078125,-3.790008544921875,Industrials,1
CDNS,2022-12-12,163.7550048828125,166.8300018310547,163.9600067138672,166.47999572753906,253074.0,0.5474139388282299,2.80999755859375,-13.110000610351562,Information Technology,1
UPS,2022-12-12,178.01499938964844,181.16000366210935,178.67999267578125,181.16000366210935,689202.0,0.5914945747346655,3.520004272460909,-12.550003051757812,Industrials,1
COP,2022-12-12,110.11000061035156,112.3000030517578,110.9000015258789,111.5999984741211,1293992.0,0.6192119922598063,1.5800018310546875,-13.040000915527358,Energy,1
COO,2022-12-12,308.7099914550781,316.68499755859375,311.0199890136719,314.8349914550781,176185.0,0.5314798067323984,5.364990234375,-17.149993896484375,Health Care,1
TXN,2022-12-12,172.91000366210938,174.39999389648438,174.11000061035156,174.30999755859375,647452.0,0.5887450775603649,0.0500030517578125,-3.2400054931640625,Information Technology,1
COL,2022-12-12,0.0,0.0,0.0,0.0,0.0,0.0,0.0,0.0,Industrials,1
COF,2022-12-12,94.3000030517578,96.7300033569336,94.93000030517578,96.6999969482422,807231.0,0.5984497655551566,2.2899932861328267,-4.909996032714844,Financials,1
CNP,2022-12-12,30.344999313354492,30.625,30.61000061035156,30.53499984741211,444509.0,0.572198123194416,0.0849990844726562,-0.5799999237060547,Utilities,1
TXT,2022-12-12,71.2300033569336,71.70999908447266,71.51000213623047,71.66000366210938,161873.0,0.5277521032213921,-0.0499954223632812,0.8499984741210938,Industrials,0
UA,2022-12-12,8.580100059509277,8.949999809265137,8.6899995803833,8.9399995803833,1184432.0,0.615319440890556,0.5799999237060547,-0.4000005722045898,Consumer Discretionary,1
CNC,2022-12-12,85.9000015258789,87.18000030517578,86.54000091552734,86.66000366210938,656119.0,0.5893301572151182,0.410003662109375,0.44000244140625,Health Care,1
UAL,2022-12-12,42.7599983215332,43.720001220703125,43.0,43.709999084472656,1368003.0,0.6216592280070529,0.6699981689453125,-0.8499984741210938,Industrials,1
CMS,2022-12-12,62.33300018310547,62.959999084472656,63.099998474121094,62.959999084472656,404154.0,0.5680105359545593,0.7399978637695312,0.8100013732910156,Utilities,1
CMI,2022-12-12,236.5099945068359,240.0655975341797,237.6699981689453,239.47000122070312,97198.0,0.5053099469771696,1.3300018310546875,-11.119995117187472,Industrials,1
CMG,2022-12-12,1517.6099853515625,1540.0,1517.6099853515625,1540.0,26405.0,0.4479714958497085,13.739990234375,-99.5699462890625,Consumer Discretionary,1
UDR,2022-12-12,39.290000915527344,39.900001525878906,39.900001525878906,39.849998474121094,408453.0,0.5684760845556283,-0.0400009155273437,-0.9900016784667968,Real Estate,0
CME,2022-12-12,177.16000366210938,179.52999877929688,178.52000427246094,178.33999633789062,461037.0,0.5738044437558331,-0.4900054931640625,0.9300079345703124,Financials,0
CMCSA,2022-12-12,35.45000076293945,36.380001068115234,35.540000915527344,36.17369842529297,7535027.0,0.6967311603712923,0.85369873046875,-0.9599990844726562,Consumer Discretionary,1
UHS,2022-12-12,125.9749984741211,127.47000122070312,127.37000274658205,127.45500183105467,88314.0,0.5010925999459236,0.125,-2.869995117187514,Health Care,1
CLX,2022-12-12,147.64999389648438,149.43499755859375,149.85000610351562,148.13999938964844,102517.0,0.5076541370741604,-0.6399993896484375,-1.0800018310546875,Consumer Staples,0
ULTA,2022-12-12,463.989990234375,470.7999877929687,465.0,469.8900146484375,139894.0,0.5213314653258067,-1.739990234375,-0.899993896484375,Consumer Discretionary,0
CL,2022-12-12,77.62000274658203,77.98999786376953,77.98999786376953,77.86100006103516,407725.0,0.5683975934036278,0.0810012817382812,0.029998779296875,Consumer Staples,1
CINF,2022-12-12,104.8895034790039,106.1999969482422,106.11000061035156,105.87999725341795,64097.0,0.4869909844791637,-0.0300064086914204,-5.2099990844726705,Financials,0
UNH,2022-12-12,539.3839111328125,544.4500122070312,541.8499755859375,543.3250122070312,707878.0,0.5926709963528709,4.125,2.2900390625,Health Care,1
CHTR,2022-12-12,377.9700012207031,385.7300109863281,382.0199890136719,385.5899963378906,227514.0,0.5427293523338411,5.019989013671932,-8.589996337890682,Consumer Discretionary,1
CHRW,2022-12-12,95.22000122070312,96.06749725341795,95.63999938964844,96.01000213623048,170990.0,0.5301629389273341,0.7099990844726847,-3.469993591308608,Industrials,1
UNM,2022-12-12,39.41999816894531,39.970001220703125,39.849998474121094,39.599998474121094,260429.0,0.548674438854261,-0.3900032043457031,-1.9699974060058592,Financials,0
CHD,2022-12-12,79.58200073242188,80.41999816894531,80.30999755859375,80.2249984741211,166513.0,0.5289955716505226,0.1949996948242187,-2.209999084472656,Consumer Staples,1
CFG,2022-12-12,39.33000183105469,40.04499816894531,39.900001525878906,40.04499816894531,572307.0,0.5833169400623732,0.2249984741210937,-2.15999984741211,Financials,1
CF,2022-12-12,97.1780014038086,99.23999786376952,98.63999938964844,98.12999725341795,586085.0,0.5843636480035448,-0.5699996948242472,-4.940002441406236,Materials,0
UNP,2022-12-12,210.80999755859375,212.9600067138672,212.63999938964844,212.27000427246097,1171807.0,0.614847930799897,0.9199981689453692,-4.579986572265653,Industrials,1
AZO,2022-12-12,2444.6298828125,2477.050048828125,2475.239990234375,2447.054931640625,24179.0,0.4440966847774655,-7.93505859375,-97.97998046875,Consumer Discretionary,0
COST,2022-12-12,480.6700134277344,486.2795104980469,482.7300109863281,482.8743896484375,550497.0,0.5816073943086935,-0.145599365234375,-20.839996337890625,Consumer Staples,0
WAT,2022-12-12,337.55999755859375,339.9849853515625,337.8299865722656,339.6000061035156,37889.0,0.463859443514175,3.07000732421875,-10.399993896484377,Health Care,1
AWK,2022-12-12,156.4250030517578,157.66000366210938,157.61000061035156,156.69500732421875,113678.0,0.5122010313396117,0.5550079345703125,2.1300048828125,Utilities,1
AKAM,2022-12-12,88.69000244140625,89.87999725341797,88.69000244140625,89.87999725341797,227224.0,0.542673233316673,0.8600006103515625,-6.1800003051757955,Information Technology,1
WY,2022-12-12,31.424999237060547,31.844999313354492,31.579999923706055,31.844999313354492,804876.0,0.5983212155865268,0.364999771118164,-0.7999992370605469,Real Estate,1
AJG,2022-12-12,191.1999969482422,193.09500122070312,192.5500030517578,192.3999938964844,77043.0,0.495085239516829,0.5699920654297159,-7.889999389648437,Financials,1
WYNN,2022-12-12,83.25,85.93000030517578,84.16000366210938,85.91999816894531,366290.0,0.5636823146457375,0.9300003051757812,0.9499969482421876,Consumer Discretionary,1
AIZ,2022-12-12,129.14999389648438,130.4600067138672,130.41000366210938,129.65499877929688,99218.0,0.5062149719304398,-0.7050018310546875,2.350006103515625,Financials,0
AIV,2022-12-12,7.914999961853027,8.100000381469727,8.050000190734863,8.005000114440918,191195.0,0.5350771327714562,-0.0150003433227539,-0.2899999618530273,Real Estate,0
AIG,2022-12-12,62.29999923706055,62.7400016784668,62.65999984741211,62.724998474121094,1035630.0,0.6094123989501341,0.2150001525878906,-0.5900001525878906,Financials,1
XEL,2022-12-12,69.97000122070312,70.63999938964844,70.51000213623047,70.5,439606.0,0.5717101097785965,0.660003662109375,-0.350006103515625,Utilities,1
AET,2022-12-12,0.0,0.0,0.0,0.0,0.0,0.0,0.0,0.0,Health Care,1
AEP,2022-12-12,96.36000061035156,97.58999633789062,97.31999969482422,97.0250015258789,409709.0,0.5686111750439314,0.4449996948242329,0.0999984741210795,Utilities,1
AEE,2022-12-12,88.71070098876953,89.53500366210938,89.4000015258789,89.44000244140625,132302.0,0.5188764224448887,0.8300018310546875,-0.089996337890625,Utilities,1
ADSK,2022-12-12,193.13999938964844,198.3000030517578,193.27000427246097,198.13999938964844,289896.0,0.5533907866040619,3.830001831054687,-12.6199951171875,Information Technology,1
ADP,2022-12-12,257.4599914550781,261.7699890136719,258.6600036621094,261.2349853515625,209618.0,0.5391247334925099,4.03497314453125,-10.75,Information Technology,1
ALB,2022-12-12,250.80599975585935,260.5849914550781,252.3699951171875,260.3699951171875,423641.0,0.5700824729146683,7.1199951171875,-22.040008544921875,Materials,1
ADM,2022-12-12,91.23999786376952,92.3000030517578,92.04000091552734,92.16000366210938,440510.0,0.5718004961261373,0.2800064086914204,0.5599975585937358,Consumer Staples,1
ADI,2022-12-12,167.74000549316406,169.5399932861328,169.1699981689453,169.08999633789062,529650.0,0.5799088026445922,0.410003662109375,-2.8000030517578125,Information Technology,1
ADBE,2022-12-12,332.6499938964844,337.6099853515625,334.760009765625,336.80718994140625,885750.0,0.6025339843772403,6.16717529296875,-13.469970703125,Information Technology,1
ACN,2022-12-12,284.4800109863281,291.5,286.1400146484375,291.32000732421875,590012.0,0.584657476418061,2.910003662109375,-14.41998291015625,Information Technology,1
ABT,2022-12-12,107.7300033569336,108.80999755859376,107.7300033569336,108.69000244140624,1159280.0,0.614375032709595,1.1800003051757528,-0.4199981689452983,Health Care,1
ABC,2022-12-12,165.0399932861328,166.2899932861328,165.99000549316406,166.05999755859375,316827.0,0.5572993864747033,0.7299957275390625,-6.3000030517578125,Health Care,1
XYL,2022-12-12,110.95999908447266,111.66100311279295,111.77999877929688,111.2310028076172,136423.0,0.5202260082935757,0.0009994506836079,-2.5699996948242045,Industrials,1
ABBV,2022-12-12,162.75999450683594,164.19000244140625,163.2100067138672,163.40440368652344,758055.0,0.595684244013347,0.3444061279296875,1.42999267578125,Health Care,1
AAPL,2022-12-12,141.07000732421875,143.0,142.6999969482422,142.24000549316406,20280660.0,0.7402950363862894,0.0800018310546875,-6.149993896484375,Information Technology,1
YUM,2022-12-12,126.9800033569336,128.42999267578125,127.72000122070312,128.32000732421875,345300.0,0.561085849217688,0.6100082397460938,-1.4800033569335938,Consumer Discretionary,1
AAP,2022-12-12,143.8249969482422,146.42999267578125,145.8699951171875,144.47000122070312,178669.0,0.5320958081186888,-1.42999267578125,-5.4000091552734375,Consumer Discretionary,0
ZBH,2022-12-12,123.66999816894533,125.4800033569336,124.37000274658205,125.19000244140624,320440.0,0.5577982996573019,0.7900009155273295,1.0500030517578125,Health Care,1
AAL,2022-12-12,13.449999809265137,13.90999984741211,13.489999771118164,13.899999618530272,6824831.0,0.6923754635447059,0.3699998855590802,-0.4499998092651367,Industrials,1
A,2022-12-12,153.3800048828125,155.39999389648438,154.00999450683594,155.39999389648438,188024.0,0.5343412830285694,2.4499969482421875,-3.1699981689453125,Health Care,1
XOM,2022-12-12,103.59500122070312,105.6500015258789,103.83000183105467,105.33000183105467,5021440.0,0.678874262803154,1.7900009155273295,-7.2600021362304545,Energy,1
ALGN,2022-12-12,188.3999938964844,195.8500061035156,190.9499969482422,195.73500061035156,279149.0,0.5517286530740041,6.9250030517578125,-12.960006713867216,Health Care,1
ALK,2022-12-12,44.380001068115234,45.29499816894531,44.59000015258789,45.27000045776367,229661.0,0.5431426148550171,0.7099990844726562,-2.8499984741210938,Industrials,1
WU,2022-12-12,13.729999542236328,14.029999732971191,13.970000267028809,13.994999885559082,1801050.0,0.6337597947875862,0.0150003433227539,-0.4900007247924804,Information Technology,1
WBA,2022-12-12,40.2400016784668,40.84550094604492,40.599998474121094,40.709999084472656,1980463.0,0.6379379966885003,0.279998779296875,-0.8800010681152344,Consumer Staples,1
AVY,2022-12-12,176.02000427246094,178.09500122070312,177.9199981689453,176.4199981689453,98151.0,0.5057392420108279,-1.30999755859375,-15.44000244140625,Materials,0
AVGO,2022-12-12,542.239990234375,547.3099975585938,544.75,545.5700073242188,485722.0,0.5760993575168644,0.85003662109375,-6.030029296875,Information Technology,1
AVB,2022-12-12,167.0399932861328,169.47999572753906,169.17999267578125,169.28640747070312,134240.0,0.5195162569722713,-0.2935943603515625,-4.5999908447265625,Real Estate,0
WDC,2022-12-12,35.34000015258789,35.84000015258789,35.529998779296875,35.79499816894531,747714.0,0.5950798980935476,0.0849990844726562,-0.1300010681152343,Information Technology,1
ATVI,2022-12-12,74.37999725341797,75.0199966430664,75.0,74.58000183105469,1308633.0,0.6197070302720296,-0.5800018310546875,-0.029998779296875,Information Technology,0
ARE,2022-12-12,147.84500122070312,149.6649932861328,149.89999389648438,148.5,80383.0,0.4969524996296877,-0.7599945068359375,-5.6100006103515625,Real Estate,0
APH,2022-12-12,78.4000015258789,78.94999694824219,78.61000061035156,78.72899627685547,363691.0,0.5633690073374812,0.218994140625,-2.3600006103515625,Information Technology,1
WEC,2022-12-12,95.81009674072266,96.69000244140624,96.37999725341795,96.5999984741211,188796.0,0.5345215668747788,0.8699951171875,-1.55999755859375,Utilities,1
APD,2022-12-12,313.05999755859375,316.0199890136719,313.05999755859375,315.364990234375,112393.0,0.511700842192374,0.954986572265625,2.3699951171875,Materials,1
APA,2022-12-12,42.16999816894531,44.13999938964844,42.29999923706055,43.72999954223633,2383964.0,0.6460969474221658,1.8699989318847656,-4.8600006103515625,Energy,1
AOS,2022-12-12,57.56999969482422,58.314998626708984,58.29999923706055,57.755001068115234,148585.0,0.5239833774918136,-0.5449981689453125,-2.1800003051757812,Industrials,0
WFC,2022-12-12,42.11000061035156,42.59749984741211,42.599998474121094,42.59749984741211,3501355.0,0.6630096059466482,0.0974998474121093,-4.369998931884766,Financials,1
AON,2022-12-12,303.9649963378906,306.989990234375,306.6199951171875,304.5,167025.0,0.5291306536669216,-1.17999267578125,2.6099853515625,Financials,0
AMZN,2022-12-12,87.87000274658203,89.5,89.20999908447266,88.50499725341797,18607456.0,0.7365064662128317,-0.5849990844726562,-6.410003662109375,Consumer Discretionary,0
WHR,2022-12-12,142.69500732421875,144.44500732421875,144.08999633789062,144.22500610351562,101756.0,0.5073263086516909,0.415008544921875,-5.2100067138671875,Consumer Discretionary,1
AMT,2022-12-12,211.97000122070312,215.7400054931641,214.8800048828125,214.1300048828125,316656.0,0.5572756325736983,0.2900085449218466,-7.460006713867159,Real Estate,1
AMP,2022-12-12,320.1700134277344,322.5400085449219,321.3299865722656,322.5,71283.0,0.4916662879665615,1.459991455078125,-9.889984130859377,Financials,1
AMGN,2022-12-12,272.6300048828125,279.4800109863281,272.82000732421875,275.4049987792969,1194613.0,0.6156960278038274,-3.2449951171875,-7.290008544921875,Health Care,0
WM,2022-12-12,165.88999938964844,168.9600067138672,168.3300018310547,166.11000061035156,290554.0,0.553490541661921,-0.720001220703125,-0.9900054931640624,Industrials,0
AMG,2022-12-12,154.00999450683594,155.8000030517578,154.3699951171875,155.59500122070312,60465.0,0.4844244235928355,0.845001220703125,-7.850006103515625,Financials,1
AME,2022-12-12,139.22999572753906,140.77000427246094,139.5500030517578,140.44000244140625,194526.0,0.5358370828255954,1.3300018310546875,-4.17999267578125,Industrials,1
AMD,2022-12-12,67.52999877929688,69.4000015258789,68.54000091552734,69.38500213623047,19030608.0,0.737495844908513,0.7950057983398438,-8.890007019042969,Information Technology,1
WMB,2022-12-12,32.404998779296875,32.880001068115234,32.720001220703125,32.720001220703125,1349796.0,0.6210697027826692,0.1300010681152343,-2.329998016357422,Energy,1
AMAT,2022-12-12,105.66999816894533,107.88999938964844,106.81999969482422,107.5999984741211,1295822.0,0.6192741732179133,0.2600021362304687,0.329994201660142,Information Technology,1
ALLE,2022-12-12,108.1999969482422,109.8499984741211,109.08000183105467,108.57250213623048,108805.0,0.5102733275813687,-0.5574951171874716,-4.93000030517581,Industrials,0
ALL,2022-12-12,127.41000366210938,128.99000549316406,128.80999755859375,128.3000030517578,209492.0,0.5390982780140944,-0.25,-3.459991455078125,Financials,0
WMT,2022-12-12,145.5800018310547,147.0,145.89999389648438,146.8489990234375,1309240.0,0.6197274342549004,1.53900146484375,-8.05999755859375,Consumer Staples,1
WRK,2022-12-12,35.903499603271484,36.27000045776367,36.20000076293945,36.27000045776367,240093.0,0.5450971424553358,0.3899993896484375,-2.1399993896484375,Materials,1
AXP,2022-12-12,153.30999755859375,157.25999450683594,154.25999450683594,157.25999450683594,493590.0,0.5768063696874843,3.3600006103515625,-3.600006103515625,Financials,1
COTY,2022-12-12,7.804999828338623,7.894999980926514,7.900000095367432,7.880000114440918,680897.0,0.5909611569028272,-0.0099997520446777,-0.0500001907348632,Consumer Staples,0
TWX,2022-12-12,0.0,0.0,0.0,0.0,0.0,0.0,0.0,0.0,Consumer Discretionary,1
CPB,2022-12-12,55.439998626708984,56.3849983215332,55.810001373291016,56.25,576937.0,0.5836714639450483,0.5900001525878906,2.0699996948242188,Consumer Staples,1
SCHW,2022-12-12,79.51000213623047,80.26329803466797,79.5999984741211,80.06500244140625,963215.0,0.6062229603140401,0.2450027465820312,-1.910003662109375,Financials,1
GOOG,2022-12-12,91.9000015258789,93.87449645996094,93.08999633789062,92.4749984741211,7626857.0,0.6972641414911659,-0.595001220703125,-8.209999084472656,Information Technology,0
GM,2022-12-12,38.015499114990234,38.6150016784668,38.31999969482422,38.6150016784668,2505137.0,0.6482783748924744,0.3350028991699219,-2.1500015258789062,Consumer Discretionary,1
GLW,2022-12-12,32.814998626708984,33.099998474121094,32.880001068115234,33.064998626708984,625386.0,0.587219379939127,0.0449981689453125,-1.220001220703125,Information Technology,1
SEE,2022-12-12,48.900001525878906,51.7599983215332,50.939998626708984,51.529998779296875,189075.0,0.5345865399731979,0.75,-2.0300025939941406,Materials,1
GIS,2022-12-12,85.9749984741211,86.72250366210938,86.12999725341797,86.62000274658203,621103.0,0.5869170119626123,0.7800064086914062,0.4199981689453125,Consumer Staples,1
GILD,2022-12-12,87.43000030517578,88.4000015258789,87.8499984741211,87.86000061035156,1442149.0,0.6239816095691166,-0.1100006103515625,0.0699996948242187,Health Care,0
GE,2022-12-12,81.02999877929688,81.94000244140625,81.72000122070312,81.82499694824219,1109941.0,0.6124614079823958,0.375,-3.8100051879882817,Industrials,1
SHW,2022-12-12,249.02999877929688,254.08999633789065,254.67999267578125,249.8300018310547,403489.0,0.5679380796146983,-3.0500030517578125,1.2700042724609375,Materials,0
GD,2022-12-12,246.3699951171875,248.05999755859375,247.86000061035156,247.6000061035156,135373.0,0.51988605413355,0.5600128173827841,-5.230010986328153,Industrials,1
FTI,2022-12-12,11.15999984741211,11.44499969482422,11.229999542236328,11.350000381469728,2030871.0,0.639043877810748,0.2000007629394566,-1.300000190734865,Energy,1
SIG,2022-12-12,66.9800033569336,68.63999938964844,68.22000122070312,68.44000244140625,170384.0,0.5300067266182112,0.1700057983398437,4.969997406005859,Consumer Discretionary,1
FRT,2022-12-12,106.12000274658205,107.76000213623048,108.05999755859376,107.26000213623048,65649.0,0.488043641560406,-0.3899993896484233,-1.3699951171875,Real Estate,0
GPC,2022-12-12,177.29100036621094,180.27000427246097,178.42999267578125,179.47000122070312,207337.0,0.5386433252680038,-2.789993286132784,-2.6399993896484943,Consumer Discretionary,0
FOXA,2022-12-12,30.991899490356445,31.34000015258789,31.280000686645508,31.28499984741211,472362.0,0.5748721859823529,-0.0249996185302734,-0.7899990081787109,Consumer Discretionary,0
SLB,2022-12-12,47.0,48.356201171875,47.060001373291016,48.060001373291016,3048527.0,0.656916086671257,1.0900001525878906,-4.789997100830078,Energy,1
FLS,2022-12-12,29.524999618530273,29.822799682617188,29.780000686645508,29.799999237060547,91708.0,0.502751835520951,0.0499992370605468,-1.7199993133544922,Industrials,1
SLG,2022-12-12,34.45000076293945,35.94990158081055,35.599998474121094,35.064998626708984,390376.0,0.5664843990923046,-0.5450019836425781,-5.799999237060547,Real Estate,0
FL,2022-12-12,37.71500015258789,38.2599983215332,37.939998626708984,38.084999084472656,255627.0,0.5478555756942358,0.154998779296875,-1.2399978637695312,Consumer Discretionary,1
SNI,2022-12-12,0.0,0.0,0.0,0.0,0.0,0.0,0.0,0.0,Consumer Discretionary,1
FITB,2022-12-12,32.441001892089844,33.064998626708984,32.880001068115234,33.04999923706055,976951.0,0.6068459822791046,0.1599998474121093,-2.8800010681152344,Financials,1
FISV,2022-12-12,100.55999755859376,101.88999938964844,101.43000030517578,101.8000030517578,406424.0,0.5682569731545914,1.1600036621093608,-4.3899993896484375,Information Technology,1
SNPS,2022-12-12,325.0799865722656,334.7900085449219,325.489990234375,333.6050109863281,219028.0,0.5410568519926637,7.855010986328125,-32.089996337890625,Information Technology,1
FIS,2022-12-12,69.44999694824219,71.37000274658203,70.05000305175781,70.7750015258789,1544585.0,0.6270008750593223,0.5050048828125,-2.910003662109375,Information Technology,1
FFIV,2022-12-12,149.52999877929688,151.3699951171875,149.57000732421875,151.17999267578125,62362.0,0.4857836008703187,1.6899871826171875,-5.5399932861328125,Information Technology,1
FE,2022-12-12,41.48500061035156,41.93000030517578,41.91999816894531,41.689998626708984,599312.0,0.5853455993712148,0.2099990844726562,0.0999984741210937,Utilities,1
SO,2022-12-12,69.29000091552734,70.1449966430664,69.75,70.125,1588860.0,0.6282443592802291,1.7649993896484375,0.6399993896484375,Utilities,1
FDX,2022-12-12,171.9149932861328,175.31500244140625,172.0800018310547,175.31500244140625,429628.0,0.5706999268413848,2.9850006103515625,-8.1199951171875,Industrials,1
FMC,2022-12-12,125.3000030517578,127.33000183105467,126.79000091552734,125.6500015258789,126667.0,0.516961344306885,-0.9499969482421876,-3.4300003051757812,Materials,0
GPN,2022-12-12,97.66999816894533,99.44090270996094,98.05999755859376,99.05999755859376,504839.0,0.5777978620981422,1.2399978637695457,-5.709999084472656,Information Technology,1
SBUX,2022-12-12,100.81999969482422,101.98500061035156,101.12999725341795,101.96589660644533,1058404.0,0.6103694772146908,0.1758956909179829,-1.5800018310547017,Consumer Discretionary,1
GPS,2022-12-12,13.795000076293944,14.31999969482422,14.220000267028809,13.954999923706056,3386744.0,0.6615452655741274,0.0550003051757848,-0.5100002288818377,Consumer Discretionary,1
HRB,2022-12-12,41.040000915527344,41.75,41.75,41.5099983215332,229947.0,0.5431973733845242,-0.0900001525878906,-1.8500022888183592,Financials,0
HPQ,2022-12-12,28.068599700927734,28.825000762939453,28.18000030517578,28.645000457763672,2582175.0,0.6496110516166417,0.4350013732910156,-1.6500015258789027,Information Technology,1
HPE,2022-12-12,16.0,16.219999313354492,16.020000457763672,16.19499969482422,2654511.0,0.6508266792723482,0.0450000762939453,-0.6700000762939453,Information Technology,1
RJF,2022-12-12,112.6750030517578,114.3499984741211,113.36000061035156,113.61000061035156,171044.0,0.5301768319614355,0.1500015258789062,-3.9500045776367183,Financials,1
HP,2022-12-12,44.880001068115234,48.16999816894531,45.33000183105469,48.08000183105469,354457.0,0.5622374572094242,3.4300003051757812,-5.090000152587891,Energy,1
RL,2022-12-12,107.23999786376952,109.6500015258789,108.16000366210938,109.6500015258789,171994.0,0.5304205317256605,2.1399993896484233,-6.369995117187472,Consumer Discretionary,1
HON,2022-12-12,211.0800018310547,212.4900054931641,212.16000366210935,211.8300018310547,714732.0,0.5930949673512805,0.1999969482421875,-5.7599945068359375,Industrials,1
HOLX,2022-12-12,73.91999816894531,74.66999816894531,74.1500015258789,74.62000274658203,195829.0,0.5361308202037857,0.6200027465820312,-2.9899978637695312,Health Care,1
RMD,2022-12-12,219.22999572753903,221.5,220.97000122070312,220.3350067138672,143190.0,0.5223560871311828,0.6550140380859375,-9.660003662109403,Health Care,1
HOG,2022-12-12,44.689998626708984,45.11000061035156,44.970001220703125,45.060001373291016,185417.0,0.5337269569946694,-0.0900001525878906,-2.15999984741211,Consumer Discretionary,0
HLT,2022-12-12,136.36000061035156,138.5,137.4600067138672,138.5,256418.0,0.5479915140961539,1.07000732421875,-4.8700103759765625,Consumer Discretionary,1
HII,2022-12-12,231.8000030517578,234.80999755859375,233.1300048828125,233.91000366210935,36758.0,0.462526084805341,0.5500030517577841,2.460006713867159,Industrials,1
ROK,2022-12-12,257.80999755859375,260.510009765625,257.67999267578125,259.20001220703125,93175.0,0.5034500883562376,-0.6099853515625,-6.94000244140625,Industrials,0
HIG,2022-12-12,74.08999633789062,74.88999938964844,74.69999694824219,74.66999816894531,352762.0,0.562026550428425,0.029998779296875,-0.9899978637695312,Financials,1
HES,2022-12-12,130.2050018310547,134.5749969482422,130.44000244140625,133.6699981689453,316871.0,0.5573054965157417,4.3499908447265625,-14.04998779296875,Energy,1
ROP,2022-12-12,431.989990234375,434.489990234375,433.7900085449219,432.94000244140625,49541.0,0.4756571164301067,1.610015869140625,-13.4000244140625,Industrials,1
HD,2022-12-12,321.3500061035156,323.92999267578125,323.0,323.7699890136719,914183.0,0.6039241839414808,3.28997802734375,-6.589996337890625,Consumer Discretionary,1
ROST,2022-12-12,114.2300033569336,115.58000183105467,115.5,114.7750015258789,344938.0,0.5610396979490114,-0.1149978637695312,-3.090003967285156,Consumer Discretionary,0
HCA,2022-12-12,237.6499938964844,240.19000244140625,238.6699981689453,240.19000244140625,203245.0,0.5377662777164763,2.6000061035155966,-0.8800048828124716,Health Care,1
HBI,2022-12-12,6.21999979019165,6.389999866485596,6.349999904632568,6.34499979019165,2435125.0,0.6470312022940317,-0.0050001144409179,-0.4000000953674316,Consumer Discretionary,0
HBAN,2022-12-12,14.390000343322754,14.56999969482422,14.56999969482422,14.520000457763672,3689966.0,0.6653181224869267,-0.0299997329711914,-1.0399999618530271,Financials,0
RRC,2022-12-12,25.690000534057617,26.76499938964844,26.31999969482422,26.469999313354492,1531577.0,0.6266287586782634,1.25,-2.770000457763672,Energy,1
HAS,2022-12-12,59.185001373291016,59.900001525878906,59.560001373291016,59.38999938964844,287479.0,0.5530224076038985,-0.1000022888183593,-3.7699966430664062,Consumer Discretionary,0
RSG,2022-12-12,135.86000061035156,137.55999755859375,136.69000244140625,135.9250030517578,133956.0,0.5194230736640999,0.1150054931640625,-3.94000244140625,Industrials,1
HAL,2022-12-12,33.0,33.91999816894531,33.08000183105469,33.80500030517578,2982541.0,0.6559532559903544,0.7950019836425781,-4.880001068115234,Energy,1
GWW,2022-12-12,585.47998046875,590.8200073242188,590.1199951171875,586.1900024414062,37707.0,0.463647589314267,-1.8699951171875,-15.1199951171875,Industrials,0
GT,2022-12-12,10.484999656677246,10.614999771118164,10.510000228881836,10.595000267028809,640687.0,0.5882829269325487,0.0749998092651367,-0.6999998092651367,Consumer Discretionary,1
SBAC,2022-12-12,286.9637145996094,290.1400146484375,289.6400146484375,289.04998779296875,96414.0,0.50495361332745,0.8599853515625,-13.019989013671877,Real Estate,1
GRMN,2022-12-12,94.4800033569336,95.19499969482422,95.02999877929688,94.7699966430664,117675.0,0.5137214865461383,-0.2600021362304687,0.6699981689453125,Consumer Discretionary,0
FCX,2022-12-12,37.869998931884766,38.650001525878906,38.11000061035156,38.17499923706055,2582842.0,0.6496224155602521,-0.4150009155273437,-0.979999542236328,Materials,0
SPG,2022-12-12,115.54499816894533,116.91000366210938,116.75,116.66999816894533,258095.0,0.5482783356056632,-0.0800018310546732,-2.260002136230483,Real Estate,0
ZION,2022-12-12,46.84000015258789,47.720001220703125,47.470001220703125,47.709999084472656,160305.0,0.5273238249242007,0.2199974060058593,-4.5,Financials,1
FAST,2022-12-12,51.01499938964844,51.41999816894531,51.2599983215332,51.130001068115234,410808.0,0.5687290399371864,0.1700019836425781,-0.6000022888183594,Industrials,1
DVA,2022-12-12,74.01000213623047,75.16500091552734,74.55000305175781,75.16500091552734,79883.0,0.4966779633443255,0.8250045776367188,1.1099929809570312,Health Care,1
TAP,2022-12-12,52.060001373291016,52.78900146484375,52.40999984741211,52.54999923706055,148686.0,0.5240132754191261,0.0900001525878906,-2.5100021362304688,Consumer Staples,1
TDG,2022-12-12,609.1699829101562,616.5,612.0599975585938,614.760009765625,35046.0,0.4604276257807552,5.05999755859375,-24.94000244140625,Industrials,1
DTE,2022-12-12,117.4800033569336,118.98999786376952,118.13999938964844,118.81500244140624,226142.0,0.542463217318242,1.625,1.0699996948241903,Utilities,1
TEL,2022-12-12,121.38999938964844,122.2415008544922,121.52999877929688,122.0739974975586,293199.0,0.5538892664098409,0.343994140625,-5.0699996948242045,Information Technology,1
DRI,2022-12-12,140.5500030517578,143.0749969482422,142.8000030517578,142.5500030517578,293762.0,0.5539736723398481,-0.0200042724609375,-3.079986572265625,Consumer Discretionary,0
DOV,2022-12-12,137.3249969482422,138.50999450683594,138.0,138.40499877929688,194840.0,0.5359080478968179,1.1150054931640625,-5.20001220703125,Industrials,1
DLTR,2022-12-12,141.11500549316406,143.8300018310547,143.41000366210938,143.72000122070312,290072.0,0.5534174909723473,1.410003662109375,-7.410003662109375,Consumer Discretionary,1
DLR,2022-12-12,106.5199966430664,107.63999938964844,107.06999969482422,107.41500091552734,457410.0,0.5734569316607507,0.4550018310546875,-4.7399978637695455,Real Estate,1
DISH,2022-12-12,14.65999984741211,15.364999771118164,14.6899995803833,15.3149995803833,1201699.0,0.615956243713514,0.5749998092651367,-0.8500003814697266,Consumer Discretionary,1
TJX,2022-12-12,77.80000305175781,78.69999694824219,78.56999969482422,78.3499984741211,946084.0,0.6054333821546771,0.2900009155273437,-1.6800003051757812,Consumer Discretionary,1
DIS,2022-12-12,92.61000061035156,94.33000183105467,93.7300033569336,94.31500244140624,3067580.0,0.657190221813563,0.9350051879882812,-5.2099990844726705,Consumer Discretionary,1
DHI,2022-12-12,84.55999755859375,85.86000061035156,85.51000213623047,84.9749984741211,599972.0,0.5853940273532471,-0.3649978637695312,-1.3600006103515625,Consumer Discretionary,0
DGX,2022-12-12,147.22999572753906,149.11000061035156,149.11000061035156,148.5800018310547,146405.0,0.5233330541854626,-0.2700042724609375,-3.7599945068359375,Health Care,0
DG,2022-12-12,242.31500244140625,246.27749633789065,243.5399932861328,245.5500030517578,371081.0,0.5642540831231738,2.2900085449219034,6.919998168945256,Consumer Discretionary,1
TMO,2022-12-12,563.4000244140625,568.8699951171875,565.3800048828125,566.364990234375,247767.0,0.5464814601906454,6.135009765625,-4.33001708984375,Health Care,1
TRIP,2022-12-12,18.239999771118164,18.540000915527344,18.440000534057617,18.44499969482422,271591.0,0.5505209473824317,-0.0450000762939453,-2.1300010681152344,Consumer Discretionary,0
DFS,2022-12-12,102.6500015258789,104.69000244140624,102.97000122070312,104.69000244140624,273759.0,0.5508707796077685,1.6900024414062358,-3.529998779296875,Financials,1
DE,2022-12-12,432.3049926757813,435.8599853515625,436.1199951171875,434.2591857910156,311396.0,0.5565386214040854,-0.550811767578125,-7.0,Industrials,0
DAL,2022-12-12,33.599998474121094,34.235801696777344,33.689998626708984,34.21500015258789,1798312.0,0.6336928552179204,0.4150009155273437,-1.5800018310546875,Industrials,1
TROW,2022-12-12,118.37999725341795,121.08000183105467,119.29000091552734,120.05500030517578,428983.0,0.5706338213567089,0.2249984741211079,-7.259994506835952,Financials,1
D,2022-12-12,57.22999954223633,58.58000183105469,58.45000076293945,58.529998779296875,1456979.0,0.6244317545438718,0.25,-2.09000015258789,Utilities,1
TRV,2022-12-12,185.05999755859375,186.44000244140625,185.6300048828125,185.77000427246097,244565.0,0.5459091351082341,0.1200103759765625,-3.490005493164034,Financials,1
CTSH,2022-12-12,57.779998779296875,58.59000015258789,58.18000030517578,58.505001068115234,1690227.0,0.6309655372377324,0.1650009155273437,-4.279998779296875,Information Technology,1
TSCO,2022-12-12,214.16000366210935,219.3300018310547,218.92999267578125,214.4250030517578,169775.0,0.5298491802507153,-3.8950042724609375,-6.30999755859375,Consumer Discretionary,0
CTAS,2022-12-12,454.7550048828125,458.6000061035156,455.19000244140625,455.7650146484375,63666.0,0.4866941309780459,2.305023193359375,-8.990020751953182,Industrials,1
CSCO,2022-12-12,48.369998931884766,48.79999923706055,48.79999923706055,48.595001220703125,2935137.0,0.655248322799184,0.1350021362304687,-1.5100021362304688,Information Technology,1
TSN,2022-12-12,63.10499954223633,63.68000030517578,63.68000030517578,63.5099983215332,705041.0,0.5924943042267646,-0.2400016784667968,-1.7300033569335938,Consumer Staples,0
CRM,2022-12-12,130.9499969482422,133.67999267578125,131.10000610351562,133.64500427246094,2856575.0,0.654054589747272,2.535003662109375,-15.889999389648438,Information Technology,1
DVN,2022-12-12,59.56999969482422,61.47999954223633,59.9900016784668,60.869998931884766,3923379.0,0.6680168603270827,1.25,-8.65999984741211,Energy,1
HRL,2022-12-12,46.654998779296875,47.18000030517578,47.099998474121094,46.7400016784668,164533.0,0.5284692459737019,-0.279998779296875,-0.5699996948242188,Consumer Staples,0
T,2022-12-12,19.06999969482422,19.200000762939453,19.13999938964844,19.19499969482422,6937205.0,0.6930940315847055,0.1049995422363281,-0.1000003814697265,Telecommunication Services,1
EBAY,2022-12-12,43.10499954223633,43.56999969482422,43.70000076293945,43.369998931884766,961953.0,0.6061652749697752,-0.2700004577636719,-1.520000457763672,Information Technology,0
F,2022-12-12,13.100000381469728,13.29990005493164,13.199999809265137,13.295000076293944,9882182.0,0.7086624731019737,0.114999771118164,-0.899999618530277,Consumer Discretionary,1
SRCL,2022-12-12,50.84000015258789,51.3650016784668,51.040000915527344,50.970001220703125,39931.0,0.466168997976974,0.1300010681152343,-2.079998016357422,Industrials,1
EXR,2022-12-12,155.13999938964844,157.50999450683594,156.5,157.17999267578125,194612.0,0.5358565305029561,0.5999908447265625,-3.470001220703125,Real Estate,1
SRE,2022-12-12,160.5399932861328,162.7899932861328,162.33999633789062,162.63999938964844,163657.0,0.5282343625848509,1.4900054931640625,-6.07000732421875,Utilities,1
NTRS,2022-12-12,87.58000183105469,88.44000244140625,88.0,88.37000274658203,167785.0,0.5293304044452378,0.5100021362304688,-5.769996643066392,Financials,1
EXPE,2022-12-12,93.22000122070312,94.56999969482422,93.6999969482422,94.23999786376952,415962.0,0.5692776192638643,0.1399993896484233,-11.830001831054688,Consumer Discretionary,1
EXPD,2022-12-12,107.61499786376952,112.08000183105467,107.87000274658205,111.5199966430664,751908.0,0.5953260041680586,3.6099929809570312,-7.339996337890625,Industrials,1
EXC,2022-12-12,41.18000030517578,41.720001220703125,41.59000015258789,41.55500030517578,1073296.0,0.6109842416811827,0.1350021362304687,-0.1100006103515625,Utilities,1
EW,2022-12-12,74.0,75.4749984741211,74.31999969482422,75.4749984741211,892415.0,0.6028638254988535,1.464996337890625,-3.5499954223632812,Health Care,1
STT,2022-12-12,78.68499755859375,80.22000122070312,78.70999908447266,79.36499786376953,729422.0,0.5939901214891002,0.3349990844726562,0.30999755859375,Financials,1
ETN,2022-12-12,157.8699951171875,158.80999755859375,158.39999389648438,158.25999450683594,290549.0,0.5534897844968883,-0.0200042724609375,-5.0800018310546875,Industrials,0
STX,2022-12-12,53.33000183105469,54.33000183105469,54.0,53.72999954223633,383917.0,0.5657503179618516,-0.4099998474121094,0.8400001525878906,Information Technology,0
ESS,2022-12-12,212.55999755859375,216.2400054931641,214.9900054931641,215.75,88000.0,0.5009358838732259,0.9600067138671876,-5.120010375976534,Real Estate,1
ESRX,2022-12-12,0.0,0.0,0.0,0.0,0.0,0.0,0.0,0.0,Health Care,1
ES,2022-12-12,83.93000030517578,84.97000122070312,84.80000305175781,84.48999786376953,279033.0,0.5517103655137912,0.4399948120117187,0.1399993896484375,Utilities,1
SWK,2022-12-12,78.33000183105469,79.97000122070312,79.51000213623047,78.83999633789062,314013.0,0.5569068486324673,-0.3900070190429687,-3.089996337890625,Consumer Discretionary,0
EQR,2022-12-12,61.84400177001953,62.790000915527344,62.86000061035156,62.619998931884766,348331.0,0.5614703826558055,-0.1100006103515625,-1.920001983642578,Real Estate,0
EQIX,2022-12-12,672.780029296875,679.260009765625,676.219970703125,675.9600219726562,63519.0,0.4865924241847555,0.1600341796875,-22.35003662109375,Real Estate,1
SWKS,2022-12-12,93.53500366210938,94.55999755859376,93.9499969482422,94.51000213623048,339842.0,0.5603848201650483,-0.0099945068359232,-0.4500045776367187,Information Technology,0
SYF,2022-12-12,34.7400016784668,35.14500045776367,35.13999938964844,35.125,800619.0,0.5980878857231692,0.0149993896484375,-0.8299980163574219,Financials,1
EOG,2022-12-12,122.27999877929688,125.22000122070312,122.76000213623048,124.20500183105467,988564.0,0.6073659158172867,2.5350036621093466,-18.86999511718749,Energy,1
EMR,2022-12-12,94.36000061035156,95.125,94.58999633789062,94.9499969482422,696570.0,0.5919624568642766,0.7599945068359659,-1.4499969482422017,Industrials,1
EMN,2022-12-12,84.69000244140625,85.81999969482422,85.12999725341797,85.6050033569336,164881.0,0.5285622089186742,0.4350051879882812,-1.25,Materials,1
SYK,2022-12-12,243.9199981689453,248.71499633789065,244.0,248.1499938964844,183250.0,0.5332097046723697,3.5199890136719034,3.860000610351534,Health Care,1
EL,2022-12-12,238.02999877929688,242.3000030517578,239.8300018310547,241.6199951171875,276169.0,0.5512564244860014,1.2099914550781534,8.449996948242159,Consumer Staples,1
EIX,2022-12-12,65.76000213623047,66.41999816894531,66.29000091552734,66.12000274658203,228064.0,0.5428355887489825,0.3300018310546875,0.2700042724609375,Utilities,1
EFX,2022-12-12,197.8300018310547,199.3500061035156,198.7100067138672,198.6999969482422,120047.0,0.5145995607649729,1.25,-4.8000030517578125,Industrials,1
ED,2022-12-12,96.5500030517578,97.48500061035156,97.18000030517578,97.0500030517578,199650.0,0.5369810573698753,0.5200042724609233,-1.3199996948242188,Utilities,1
ECL,2022-12-12,149.35000610351562,151.10000610351562,150.8000030517578,149.9499969482422,784448.0,0.5971900871102735,-0.4000091552734375,-1.589996337890625,Materials,0
EA,2022-12-12,123.47000122070312,126.12000274658205,125.75,123.76000213623048,399794.0,0.5675332959242084,-0.9499969482421732,-6.909996032714844,Information Technology,0
ZTS,2022-12-12,152.97000122070312,154.47000122070312,154.07000732421875,153.625,301135.0,0.5550643549531824,0.2350006103515625,-3.25,Health Care,1
